Top pages,Clicks,Impressions,CTR,Position
https://unireal.study/en,2,18,11.11%,15.44
https://unireal.study/en/study-in/romania,1,8,12.5%,36.75
https://unireal.study/ro/fields/psychology/poland,1,2,50%,4
https://unireal.study/en/universities/radboud-university,0,42,0%,65.9
https://unireal.study/fa/universities/tarbiat-modares-university,0,26,0%,43.42
https://unireal.study/ro/universities/university-of-constanta-medical-school,0,23,0%,47.09
https://unireal.study/en/universities/khalifa-university-of-science-technology-and-research,0,14,0%,57.14
https://unireal.study/fa/universities/universite-libre-de-bruxelles,0,13,0%,23
https://unireal.study/fa/universities/west-university-of-timisoara,0,8,0%,60.5
https://unireal.study/fa/blog/2026-06-05-us-international-student-enrollment-shows-slight-decline-ami,0,7,0%,5
https://unireal.study/en/universities/keimyung-university,0,7,0%,38.29
https://unireal.study/en/universities/mashhad-university-of-medical-sciences,0,7,0%,57.43
https://unireal.study/en/fields/psychology/hungary,0,6,0%,73.67
https://unireal.study/en/universities/stenden-university,0,6,0%,76.67
https://unireal.study/ro/study-in/romania,0,5,0%,12.6
https://unireal.study/en/universities/universidad-nacional-mayor-de-san-marcos,0,5,0%,13.6
https://unireal.study/en/universities/corvinus-university-of-budapest,0,5,0%,47
https://unireal.study/fa/universities/georgetown-university,0,4,0%,6
https://unireal.study/ro/universities/universiti-islam-antarabangsa-sultan-abdul-halim-mu-adzam-shah,0,4,0%,29.75
https://unireal.study/fa/universities/keimyung-university,0,3,0%,6.67
https://unireal.study/en/universities/nova-school-of-science-and-technology,0,3,0%,8.33
https://unireal.study/fa/fields/pharmacy/romania,0,3,0%,9.33
https://unireal.study/en/universities/universidad-nacional-andres-bello,0,3,0%,34.67
https://unireal.study/en/universities/university-of-petrosani,0,3,0%,51
https://unireal.study/en/universities/university-of-miskolc,0,3,0%,53.67
https://unireal.study/en/universities/roskilde-university,0,3,0%,60
https://unireal.study/en/universities/universite-du-quebec-en-outaouais,0,3,0%,64.67
https://unireal.study/en/universities/purdue-university,0,3,0%,66.67
https://unireal.study/ro/universities/police-academy-in-bratislava,0,2,0%,1
https://unireal.study/en/universities,0,2,0%,4.5
https://unireal.study/fa/universities/sendai-university,0,2,0%,5
https://unireal.study/en/fields/medicine/romania,0,2,0%,5.5
https://unireal.study/en/universities/technical-university-of-poznan,0,2,0%,6.5
https://unireal.study/fa/universities/universidade-de-aveiro,0,2,0%,8.5
https://unireal.study/fa/fields/engineering/moldova,0,2,0%,11
https://unireal.study/fa/universities/anhui-university,0,2,0%,11.5
https://unireal.study/en/universities/university-of-pretoria,0,2,0%,28
https://unireal.study/en/universities/universite-laval,0,2,0%,35.5
https://unireal.study/fa/universities/dalhousie-university,0,2,0%,41.5
https://unireal.study/en/universities/al-ahliyya-amman-university,0,2,0%,42.5
https://unireal.study/en/universities/georg-august-universitat-gottingen,0,2,0%,54
https://unireal.study/en/fields/arts-design/bulgaria,0,2,0%,56.5
https://unireal.study/en/universities/universite-vincennes-saint-denis-paris-viii,0,2,0%,60.5
https://unireal.study/en/universities/northumbria-university,0,2,0%,61.5
https://unireal.study/ro/fields/psychology/moldova,0,2,0%,66.5
https://unireal.study/en/universities/icfai-university-raipur,0,2,0%,70
https://unireal.study/en/study-in/slovakia,0,1,0%,1
https://unireal.study/en/universities/instituto-superior-de-assistentes-e-interpretes,0,1,0%,2
https://unireal.study/ro/fields/business-management/czech-republic,0,1,0%,2
https://unireal.study/en/universities/roxbury-community-college,0,1,0%,3
https://unireal.study/fa/fields/dentistry,0,1,0%,4
https://unireal.study/fa/universities/angkor-university,0,1,0%,4
https://unireal.study/ro/universities/sichuan-agricultural-university,0,1,0%,4
https://unireal.study/fa/universities/debrecen-university-of-agricultural-sciences,0,1,0%,5
https://unireal.study/ro/universities/university-of-toronto,0,1,0%,5
https://unireal.study/fa/fields/engineering/romania,0,1,0%,6
https://unireal.study/fa/universities/tribhuvan-university,0,1,0%,6
https://unireal.study/ro/universities/university-of-tartu,0,1,0%,6
https://unireal.study/en/universities/university-of-crete,0,1,0%,7
https://unireal.study/en/universities/university-of-trnava,0,1,0%,7
https://unireal.study/ro/universities/florida-southwestern-state-college,0,1,0%,8
https://unireal.study/en/universities/gorgan-university,0,1,0%,9
https://unireal.study/fa/universities/old-dominion-university,0,1,0%,9
https://unireal.study/fa/fields/medicine/moldova,0,1,0%,10
https://unireal.study/fa/study-in/slovenia,0,1,0%,10
https://unireal.study/fa/universities/liverpool-john-moores-university,0,1,0%,10
https://unireal.study/ro/universities/gansu-agricultural-university,0,1,0%,10
https://unireal.study/en/universities/western-michigan-university,0,1,0%,11
https://unireal.study/fa/universities/new-york-university,0,1,0%,16
https://unireal.study/fa/universities/mid-western-university,0,1,0%,28
https://unireal.study/en/universities/christian-albrechts-universitat-kiel,0,1,0%,35
https://unireal.study/en/universities/university-of-jyvaskyla,0,1,0%,43
https://unireal.study/ro/universities/university-of-portsmouth,0,1,0%,44
https://unireal.study/en/universities/debrecen-university-of-agricultural-sciences,0,1,0%,45
https://unireal.study/ro/universities/georgian-court-university,0,1,0%,45
https://unireal.study/fa/universities/university-of-tehran,0,1,0%,48
https://unireal.study/en/universities/ohio-university,0,1,0%,50
https://unireal.study/en/universities/university-of-oslo,0,1,0%,55
https://unireal.study/en/fields/pharmacy/bulgaria,0,1,0%,58
https://unireal.study/en/universities/nanjing-university-of-aeronautics-and-astronautics,0,1,0%,59
https://unireal.study/en/universities/xiamen-university,0,1,0%,72
https://unireal.study/en/universities/american-university-of-rome,0,1,0%,79
https://unireal.study/en/universities/alfred-university,0,1,0%,82
https://unireal.study/en/fields/law/hungary,0,1,0%,86
https://unireal.study/ro/universities/central-saint-martins-college-of-art-and-design,0,1,0%,90
